1553594382.335171,"{""midPrice"": 15488.464505, ""askAvgPrice"": 15555.427524502325, ""askSlippage"": 0.00432341240028733, ""bidAvgPrice"": 15402.833636005998, ""bidSlippage"": 0.005528686782757419}","{""midPrice"": 15509.885, ""askAvgPrice"": 15579.13424593427, ""askSlippage"": 0.0044648458666374236, ""bidAvgPrice"": 15460.770000000002, ""bidSlippage"": 0.003166690146316209}","{""midPrice"": 15377.12, ""askAvgPrice"": 15422.365098999999, ""askSlippage"": 0.002942364955206056, ""bidAvgPrice"": 15323.272041000004, ""bidSlippage"": 0.003501823423371686}","{""midPrice"": 3925.725, ""askAvgPrice"": 3925.7309999999998, ""askSlippage"": 1.528380108029026e-06, ""bidAvgPrice"": 3925.5927650000003, ""bidSlippage"": 3.3684223933017066e-05}","{""FxRate"": 3.9377, ""askSpread"": 0.0008030567602160581, ""bidSpread"": 0.0008673684478660342, ""ReferencePrice"": 15458.3273325, ""AskOfferPrice"": 15470.760951076978, ""BidOfferPrice"": 15444.899595692186}"
1553594401.89616,"{""midPrice"": 15488.429375, ""askAvgPrice"": 15565.1983291736, ""askSlippage"": 0.0049565357671135235, ""bidAvgPrice"": 15402.833636005998, ""bidSlippage"": 0.005526431177854785}","{""midPrice"": 15509.865, ""askAvgPrice"": 15579.132789790267, ""askSlippage"": 0.004466047240918369, ""bidAvgPrice"": 15460.770000000002, ""bidSlippage"": 0.00316540472789395}","{""midPrice"": 15377.12, ""askAvgPrice"": 15422.214191, ""askSlippage"": 0.0029325511539219917, ""bidAvgPrice"": 15323.272041000004, ""bidSlippage"": 0.003501823423371686}","{""midPrice"": 3925.565, ""askAvgPrice"": 3925.600000000006, ""askSlippage"": 8.915914016416338e-06, ""bidAvgPrice"": 3925.498311000001, ""bidSlippage"": 1.69883825636985e-05}","{""FxRate"": 3.9379, ""askSpread"": 0.0008178318280328327, ""bidSpread"": 0.000833976765127397, ""ReferencePrice"": 15458.4824135, ""AskOfferPrice"": 15471.262791649744, ""BidOfferPrice"": 15445.45268678711}"
1553594421.6538692,"{""midPrice"": 15488.40422, ""askAvgPrice"": 15555.203111433144, ""askSlippage"": 0.004312832392822319, ""bidAvgPrice"": 15402.833636005998, ""bidSlippage"": 0.005524816035179736}","{""midPrice"": 15510.35, ""askAvgPrice"": 15579.168101282266, ""askSlippage"": 0.004436914788013446, ""bidAvgPrice"": 15460.770000000002, ""bidSlippage"": 0.0031965751901148476}","{""midPrice"": 15377.12, ""askAvgPrice"": 15422.136143000002, ""askSlippage"": 0.0029274755610935177, ""bidAvgPrice"": 15323.272041000004, ""bidSlippage"": 0.003501823423371686}","{""midPrice"": 3925.465, ""askAvgPrice"": 3925.5465761895466, ""askSlippage"": 2.078128057347861e-05, ""bidAvgPrice"": 3925.4415430000013, ""bidSlippage"": 5.975597795138121e-06}","{""FxRate"": 3.938, ""askSpread"": 0.0008387770620795536, ""bidSpread"": 0.0008124561039256399, ""ReferencePrice"": 15458.481170000001, ""AskOfferPrice"": 15471.467095935504, ""BidOfferPrice"": 15445.902158613275}"
1553594460.304312,"{""midPrice"": 15476.089875000001, ""askAvgPrice"": 15544.392580375505, ""askSlippage"": 0.00441343426712959, ""bidAvgPrice"": 15402.833636005998, ""bidSlippage"": 0.004733510827715004}","{""midPrice"": 15510.310000000001, ""askAvgPrice"": 15579.16518899427, ""askSlippage"": 0.004439317395607656, ""bidAvgPrice"": 15460.770000000002, ""bidSlippage"": 0.003194004504100789}","{""midPrice"": 15374.445, ""askAvgPrice"": 15417.351087000005, ""askSlippage"": 0.002790740543805237, ""bidAvgPrice"": 15323.272041000004, ""bidSlippage"": 0.003328442685247901}","{""midPrice"": 3925.315, ""askAvgPrice"": 3925.3216580000003, ""askSlippage"": 1.6961696067685494e-06, ""bidAvgPrice"": 3924.821820000001, ""bidSlippage"": 0.00012564087213362551}","{""FxRate"": 3.9369, ""askSpread"": 0.0008030152994092703, ""bidSpread"": 0.0010662818143257527, ""ReferencePrice"": 15453.5726235, ""AskOfferPrice"": 15466.001779054157, ""BidOfferPrice"": 15437.075096534423}"
1553594479.9085839,"{""midPrice"": 15476.069739999999, ""askAvgPrice"": 15541.74090749205, ""askSlippage"": 0.004243400850172829, ""bidAvgPrice"": 15402.794115975601, ""bidSlippage"": 0.004734769567172892}","{""midPrice"": 15510.29, ""askAvgPrice"": 15579.16373285027, ""askSlippage"": 0.004440518704051932, ""bidAvgPrice"": 15460.770000000002, ""bidSlippage"": 0.003192719156121404}","{""midPrice"": 15374.445, ""askAvgPrice"": 15420.579697, ""askSlippage"": 0.0030007390185466942, ""bidAvgPrice"": 15323.272041000004, ""bidSlippage"": 0.003328442685247901}","{""midPrice"": 3924.915, ""askAvgPrice"": 3925.6191990000007, ""askSlippage"": 0.00017941764343953892, ""bidAvgPrice"": 3924.8155300000008, ""bidSlippage"": 2.534322399316835e-05}","{""FxRate"": 3.9373, ""askSpread"": 0.0011588352868790778, ""bidSpread"": 0.0008506864479863367, ""ReferencePrice"": 15453.5678295, ""AskOfferPrice"": 15471.574515776058, ""BidOfferPrice"": 15440.3233400096}"
1553594499.518919,"{""midPrice"": 15476.03957, ""askAvgPrice"": 15533.580831735107, ""askSlippage"": 0.0037180870128201704, ""bidAvgPrice"": 15402.833636005998, ""bidSlippage"": 0.0047302757054144}","{""midPrice"": 15510.27, ""askAvgPrice"": 15579.162276706269, ""askSlippage"": 0.004441720015594175, ""bidAvgPrice"": 15460.770000000002, ""bidSlippage"": 0.003191433804827226}","{""midPrice"": 15374.445, ""askAvgPrice"": 15422.799133, ""askSlippage"": 0.003145097790521856, ""bidAvgPrice"": 15323.272041000004, ""bidSlippage"": 0.003328442685247901}","{""midPrice"": 3925.64, ""askAvgPrice"": 3926.166, ""askSlippage"": 0.00013399089065746494, ""bidAvgPrice"": 3925.0915000000005, ""bidSlippage"": 0.00013972244016247082}","{""FxRate"": 3.9366, ""askSpread"": 0.0010679695540090953, ""bidSpread"": 0.0011015151669529813, ""ReferencePrice"": 15453.674424, ""AskOfferPrice"": 15472.188287908562, ""BidOfferPrice"": 15434.646512711359}"
1553594519.096262,"{""midPrice"": 15475.999465, ""askAvgPrice"": 15533.538561361289, ""askSlippage"": 0.0037179567298006866, ""bidAvgPrice"": 15402.793075366002, ""bidSlippage"": 0.004730317405319151}","{""midPrice"": 15510.25, ""askAvgPrice"": 15579.160820562269, ""askSlippage"": 0.004442921330234384, ""bidAvgPrice"": 15460.770000000002, ""bidSlippage"": 0.0031901484502182553}","{""midPrice"": 15374.445, ""askAvgPrice"": 15420.628539000001, ""askSlippage"": 0.0030039158486696582, ""bidAvgPrice"": 15323.272041000004, ""bidSlippage"": 0.003328442685247901}","{""midPrice"": 3925.98, ""askAvgPrice"": 3926.508742, ""askSlippage"": 0.0001346777110429187, ""bidAvgPrice"": 3925.960000000001, ""bidSlippage"": 5.0942694560518476e-06}","{""FxRate"": 3.9362, ""askSpread"": 0.0010693554220858373, ""bidSpread"": 0.0008101885389121037, ""ReferencePrice"": 15453.442476, ""AskOfferPrice"": 15470.046506685536, ""BidOfferPrice"": 15440.843613800489}"
1553594538.974699,"{""midPrice"": 15475.91938, ""askAvgPrice"": 15533.48583698834, ""askSlippage"": 0.0037197439179437186, ""bidAvgPrice"": 15399.337218529672, ""bidSlippage"": 0.004948472500399315}","{""midPrice"": 15510.23, ""askAvgPrice"": 15579.159364418269, ""askSlippage"": 0.004444122647973003, ""bidAvgPrice"": 15460.770000000002, ""bidSlippage"": 0.0031888630922943806}","{""midPrice"": 15374.445, ""askAvgPrice"": 15422.763515999999, ""askSlippage"": 0.0031427811540514217, ""bidAvgPrice"": 15323.272041000004, ""bidSlippage"": 0.003328442685247901}","{""midPrice"": 3926.16, ""askAvgPrice"": 3927.427112, ""askSlippage"": 0.00032273570104113247, ""bidAvgPrice"": 3926.0100000000007, ""bidSlippage"": 3.820526927056367e-05}","{""FxRate"": 3.936, ""askSpread"": 0.0014454714020822649, ""bidSpread"": 0.0008764105385411274, ""ReferencePrice"": 15453.365759999999, ""AskOfferPrice"": 15476.294411678311, ""BidOfferPrice"": 15439.232384824789}"
1553594558.5640361,"{""midPrice"": 15475.899184999998, ""askAvgPrice"": 15533.449030189098, ""askSlippage"": 0.00371867537395687, ""bidAvgPrice"": 15399.376738560073, ""bidSlippage"": 0.004944620375538111}","{""midPrice"": 15510.21, ""askAvgPrice"": 15579.157908274268, ""askSlippage"": 0.004445323968809589, ""bidAvgPrice"": 15460.770000000002, ""bidSlippage"": 0.003187577731055713}","{""midPrice"": 15380.575, ""askAvgPrice"": 15422.352438999995, ""askSlippage"": 0.0027162468893389136, ""bidAvgPrice"": 15323.079053000001, ""bidSlippage"": 0.003738218304582208}","{""midPrice"": 3927.2799999999997, ""askAvgPrice"": 3927.289999999999, ""askSlippage"": 2.5462915806961917e-06, ""bidAvgPrice"": 3927.1565919999994, ""bidSlippage"": 3.14232751421617e-05}","{""FxRate"": 3.9354, ""askSpread"": 0.0008050925831613924, ""bidSpread"": 0.0008628465502843234, ""ReferencePrice"": 15455.417711999999, ""AskOfferPrice"": 15467.900139853204, ""BidOfferPrice"": 15442.042738100461}"
1553594577.44374,"{""midPrice"": 15475.859045, ""askAvgPrice"": 15533.39626664039, ""askSlippage"": 0.0037178693262251983, ""bidAvgPrice"": 15399.376738560073, ""bidSlippage"": 0.004942039483400218}","{""midPrice"": 15510.185000000001, ""askAvgPrice"": 15579.156298770667, ""askSlippage"": 0.004446839207312259, ""bidAvgPrice"": 15460.770000000002, ""bidSlippage"": 0.0031859710248458573}","{""midPrice"": 15380.575, ""askAvgPrice"": 15423.945052999996, ""askSlippage"": 0.002819793993397157, ""bidAvgPrice"": 15323.079053000001, ""bidSlippage"": 0.003738218304582208}","{""midPrice"": 3927.58, ""askAvgPrice"": 3928.1078088258264, ""askSlippage"": 0.00013438525143372182, ""bidAvgPrice"": 3927.301086, ""bidSlippage"": 7.101421231392457e-05}","{""FxRate"": 3.9351, ""askSpread"": 0.0010385440853442943, ""bidSpread"": 0.0009365841983720362, ""ReferencePrice"": 15455.380706999998, ""AskOfferPrice"": 15471.628760558739, ""BidOfferPrice"": 15440.708870927623}"
1553594607.386684,"{""midPrice"": 15475.80889, ""askAvgPrice"": 15539.607005003392, ""askSlippage"": 0.0041224413829907824, ""bidAvgPrice"": 15399.331537360074, ""bidSlippage"": 0.004941735400295855}","{""midPrice"": 15512.265, ""askAvgPrice"": 15579.153539842267, ""askSlippage"": 0.004311977641064502, ""bidAvgPrice"": 15460.9942789146, ""bidSlippage"": 0.0033051731056296108}","{""midPrice"": 15377.12, ""askAvgPrice"": 15421.251618999999, ""askSlippage"": 0.0028699534763334533, ""bidAvgPrice"": 15322.847171000009, ""bidSlippage"": 0.0035294534347128925}","{""midPrice"": 3927.165, ""askAvgPrice"": 3927.17, ""askSlippage"": 1.2731830723033966e-06, ""bidAvgPrice"": 3926.894435000001, ""bidSlippage"": 6.889575558932659e-05}","{""FxRate"": 3.9355, ""askSpread"": 0.0008076391956946864, ""bidSpread"": 0.000988978932370798, ""ReferencePrice"": 15455.1610825, ""AskOfferPrice"": 15467.702356542963, ""BidOfferPrice"": 15439.81727967491}"
1553594627.0756512,"{""midPrice"": 15475.78872, ""askAvgPrice"": 15539.570159275994, ""askSlippage"": 0.004121369219364235, ""bidAvgPrice"": 15399.223285389173, ""bidSlippage"": 0.004947433439168036}","{""midPrice"": 15512.244999999999, ""askAvgPrice"": 15579.152083698267, ""askSlippage"": 0.004313178633928771, ""bidAvgPrice"": 15460.9946669933, ""bidSlippage"": 0.0033038630454005347}","{""midPrice"": 15374.52, ""askAvgPrice"": 15420.714559, ""askSlippage"": 0.003004617965308709, ""bidAvgPrice"": 15322.847171000009, ""bidSlippage"": 0.0033609393333899895}","{""midPrice"": 3926.47, ""askAvgPrice"": 3926.5093420000003, ""askSlippage"": 1.0019686894402469e-05, ""bidAvgPrice"": 3925.5524560000003, ""bidSlippage"": 0.00023368165298587318}","{""FxRate"": 3.9359, ""askSpread"": 0.000820039373788805, ""bidSpread"": 0.0012673633059717463, ""ReferencePrice"": 15454.193273, ""AskOfferPrice"": 15466.94510252586, ""BidOfferPrice"": 15434.528577286708}"
1553594646.9569721,"{""midPrice"": 15427.145, ""askAvgPrice"": 15427.190000000002, ""askSlippage"": 2.9169363484626842e-06, ""bidAvgPrice"": 15398.6644303114, ""bidSlippage"": 0.0018461335320696382}","{""midPrice"": 15512.225, ""askAvgPrice"": 15579.15062755427, ""askSlippage"": 0.004314379629889897, ""bidAvgPrice"": 15460.995055072002, ""bidSlippage"": 0.003302552981793272}","{""midPrice"": 15377.12, ""askAvgPrice"": 15425.094504, ""askSlippage"": 0.003119862757135161, ""bidAvgPrice"": 15322.847171000009, ""bidSlippage"": 0.0035294534347128925}","{""midPrice"": 3926.855, ""askAvgPrice"": 3927.3641110000017, ""askSlippage"": 0.00012964853553332212, ""bidAvgPrice"": 3926.5803120000014, ""bidSlippage"": 6.995114410857095e-05}","{""FxRate"": 3.9316, ""askSpread"": 0.0010592970710666442, ""bidSpread"": 0.0009399022882171419, ""ReferencePrice"": 15438.823118, ""AskOfferPrice"": 15455.984249879748, ""BidOfferPrice"": 15423.506912364579}"
1553594666.814843,"{""midPrice"": 15427.145, ""askAvgPrice"": 15427.190000000002, ""askSlippage"": 2.9169363484626842e-06, ""bidAvgPrice"": 15398.624910281003, ""bidSlippage"": 0.001848695252361754}","{""midPrice"": 15512.205, ""askAvgPrice"": 15579.149171410267, ""askSlippage"": 0.004315580628947879, ""bidAvgPrice"": 15460.9958312294, ""bidSlippage"": 0.003301217897171971}","{""midPrice"": 15374.6, ""askAvgPrice"": 15420.10075099999, ""askSlippage"": 0.0029594754335064977, ""bidAvgPrice"": 15322.847171000009, ""bidSlippage"": 0.003366125232525885}","{""midPrice"": 3926.71, ""askAvgPrice"": 3926.943401, ""askSlippage"": 5.9439327070309744e-05, ""bidAvgPrice"": 3925.650361000001, ""bidSlippage"": 0.0002698541527128562}","{""FxRate"": 3.9315, ""askSpread"": 0.0009188786541406195, ""bidSpread"": 0.0013397083054257123, ""ReferencePrice"": 15437.860365, ""AskOfferPrice"": 15452.439396612144, ""BidOfferPrice"": 15416.785511957327}"
1553594686.605628,"{""midPrice"": 15427.145, ""askAvgPrice"": 15427.190000000002, ""askSlippage"": 2.9169363484626842e-06, ""bidAvgPrice"": 15398.624910281003, ""bidSlippage"": 0.001848695252361754}","{""midPrice"": 15512.185000000001, ""askAvgPrice"": 15579.14771526627, ""askSlippage"": 0.004316781631102717, ""bidAvgPrice"": 15460.9958312294, ""bidSlippage"": 0.0032999328444446308}","{""midPrice"": 15374.6, ""askAvgPrice"": 15421.81393199999, ""askSlippage"": 0.0030709047389843036, ""bidAvgPrice"": 15322.847171000009, ""bidSlippage"": 0.003366125232525885}","{""midPrice"": 3926.9799999999996, ""askAvgPrice"": 3926.995375999999, ""askSlippage"": 3.915477033045178e-06, ""bidAvgPrice"": 3926.9699999999993, ""bidSlippage"": 2.546486103871537e-06}","{""FxRate"": 3.9313, ""askSpread"": 0.0008282023336000137, ""bidSpread"": 0.0008050929722077431, ""ReferencePrice"": 15438.136473999997, ""AskOfferPrice"": 15450.961720213318, ""BidOfferPrice"": 15425.668057471416}"
1553594706.2559822,"{""midPrice"": 15427.145, ""askAvgPrice"": 15427.190000000002, ""askSlippage"": 2.9169363484626842e-06, ""bidAvgPrice"": 15398.624910281003, ""bidSlippage"": 0.001848695252361754}","{""midPrice"": 15512.165, ""askAvgPrice"": 15579.261930600567, ""askSlippage"": 0.004325439459970104, ""bidAvgPrice"": 15460.9958312294, ""bidSlippage"": 0.003298647788403497}","{""midPrice"": 15374.6, ""askAvgPrice"": 15423.904146, ""askSlippage"": 0.00320685715400737, ""bidAvgPrice"": 15322.847171000009, ""bidSlippage"": 0.003366125232525885}","{""midPrice"": 3927.005, ""askAvgPrice"": 3927.05003, ""askSlippage"": 1.1466753925715167e-05, ""bidAvgPrice"": 3926.9830039999997, ""bidSlippage"": 5.601215175565777e-06}","{""FxRate"": 3.9312, ""askSpread"": 0.000822938600791278, ""bidSpread"": 0.0008112024303511316, ""ReferencePrice"": 15437.842056000001, ""AskOfferPrice"": 15450.566124316483, ""BidOfferPrice"": 15425.299200949792}"
1553594725.7358441,"{""midPrice"": 15427.145, ""askAvgPrice"": 15427.190000000002, ""askSlippage"": 2.9169363484626842e-06, ""bidAvgPrice"": 15398.505364681, ""bidSlippage"": 0.0018564442947156534}","{""midPrice"": 15510.35, ""askAvgPrice"": 15579.2313625259, ""askSlippage"": 0.00444099343508686, ""bidAvgPrice"": 15460.7715523148, ""bidSlippage"": 0.003196475107602348}","{""midPrice"": 15374.6, ""askAvgPrice"": 15423.888891000002, ""askSlippage"": 0.0032058649330715117, ""bidAvgPrice"": 15322.847171000009, ""bidSlippage"": 0.003366125232525885}","{""midPrice"": 3927.225, ""askAvgPrice"": 3927.25, ""askSlippage"": 6.365818103093446e-06, ""bidAvgPrice"": 3927.1001540000034, ""bidSlippage"": 3.178987707519454e-05}","{""FxRate"": 3.9309, ""askSpread"": 0.0008127316362061869, ""bidSpread"": 0.0008635797541503891, ""ReferencePrice"": 15437.528752499999, ""AskOfferPrice"": 15450.173672871168, ""BidOfferPrice"": 15424.099027581367}"
1553594765.499527,"{""midPrice"": 15427.145, ""askAvgPrice"": 15427.190000000002, ""askSlippage"": 2.9169363484626842e-06, ""bidAvgPrice"": 15398.876564681006, ""bidSlippage"": 0.0018323828108826046}","{""midPrice"": 15510.325, ""askAvgPrice"": 15579.2326842872, ""askSlippage"": 0.004442697640906879, ""bidAvgPrice"": 15460.7715523148, ""bidSlippage"": 0.0031948684302360864}","{""midPrice"": 15380.18, ""askAvgPrice"": 15424.152301000002, ""askSlippage"": 0.0028590238215677743, ""bidAvgPrice"": 15322.621779000001, ""bidSlippage"": 0.0037423632883359925}","{""midPrice"": 3928.9750000000004, ""askAvgPrice"": 3929.3370079999995, ""askSlippage"": 9.213802582075381e-05, ""bidAvgPrice"": 3928.190787, ""bidSlippage"": 0.00019959735045405047}","{""FxRate"": 3.9296, ""askSpread"": 0.00106833633670309, ""bidSpread"": 0.001259054396627856, ""ReferencePrice"": 15439.084032, ""AskOfferPrice"": 15456.050222252934, ""BidOfferPrice"": 15419.174427079224}"
1553594785.546908,"{""midPrice"": 15427.145, ""askAvgPrice"": 15427.190000000002, ""askSlippage"": 2.9169363484626842e-06, ""bidAvgPrice"": 15398.876564681006, ""bidSlippage"": 0.0018323828108826046}","{""midPrice"": 15510.29, ""askAvgPrice"": 15579.340863596899, ""askSlippage"": 0.004451938912612086, ""bidAvgPrice"": 15460.7715523148, ""bidSlippage"": 0.0031926190732217696}","{""midPrice"": 15380.18, ""askAvgPrice"": 15421.166240999999, ""askSlippage"": 0.0026648739481591743, ""bidAvgPrice"": 15322.621779000001, ""bidSlippage"": 0.0037423632883359925}","{""midPrice"": 3929.62, ""askAvgPrice"": 3929.8003660000004, ""askSlippage"": 4.589909456909069e-05, ""bidAvgPrice"": 3929.6100000000006, ""bidSlippage"": 2.54477532157793e-06}","{""FxRate"": 3.9289, ""askSpread"": 0.0008913828818056573, ""bidSpread"": 0.0008066164158347704, ""ReferencePrice"": 15439.084018, ""AskOfferPrice"": 15452.885477225946, ""BidOfferPrice"": 15426.591342076783}"
1553594805.065543,"{""midPrice"": 15427.145, ""askAvgPrice"": 15427.189999999999, ""askSlippage"": 2.916936348018595e-06, ""bidAvgPrice"": 15398.876564681006, ""bidSlippage"": 0.0018323828108826046}","{""midPrice"": 15510.27, ""askAvgPrice"": 15579.225537949898, ""askSlippage"": 0.004445798683704316, ""bidAvgPrice"": 15460.7715523148, ""bidSlippage"": 0.0031913337217985838}","{""midPrice"": 15383.8, ""askAvgPrice"": 15424.506762999998, ""askSlippage"": 0.0026460798372311967, ""bidAvgPrice"": 15322.621779000001, ""bidSlippage"": 0.003976795135142042}","{""midPrice"": 3930.085, ""askAvgPrice"": 3930.506191, ""askSlippage"": 0.00010717096449575081, ""bidAvgPrice"": 3929.9729719999996, ""bidSlippage"": 2.8505235891929104e-05}","{""FxRate"": 3.9285, ""askSpread"": 0.0010143419289915015, ""bidSpread"": 0.0008570104717838582, ""ReferencePrice"": 15439.338922500001, ""AskOfferPrice"": 15455.333952536595, ""BidOfferPrice"": 15425.773611041077}"
1553594827.043808,"{""midPrice"": 15427.095000000001, ""askAvgPrice"": 15427.189999999999, ""askSlippage"": 6.15799669323458e-06, ""bidAvgPrice"": 15397.228165749999, ""bidSlippage"": 0.0019359985953286696}","{""midPrice"": 15510.25, ""askAvgPrice"": 15579.224081805902, ""askSlippage"": 0.004447000003604096, ""bidAvgPrice"": 15460.7715523148, ""bidSlippage"": 0.003190048367060494}","{""midPrice"": 15380.48, ""askAvgPrice"": 15420.415318999998, ""askSlippage"": 0.002596493672499145, ""bidAvgPrice"": 15322.621779000001, ""bidSlippage"": 0.0037617955356399335}","{""midPrice"": 3930.37, ""askAvgPrice"": 3930.7747770000005, ""askSlippage"": 0.00010298699613531248, ""bidAvgPrice"": 3930.3499999999995, ""bidSlippage"": 5.088579446810293e-06}","{""FxRate"": 3.9282, ""askSpread"": 0.0010059739922706249, ""bidSpread"": 0.0008101771588936206, ""ReferencePrice"": 15439.279434, ""AskOfferPrice"": 15454.889590603341, ""BidOfferPrice"": 15426.692382103554}"
1553594847.065023,"{""midPrice"": 15415.095000000001, ""askAvgPrice"": 15427.189999999999, ""askSlippage"": 0.0007846205294224085, ""bidAvgPrice"": 15396.255935910001, ""bidSlippage"": 0.001222117936347411}","{""midPrice"": 15510.23, ""askAvgPrice"": 15579.222625661898, ""askSlippage"": 0.004448201326601842, ""bidAvgPrice"": 15460.7715523148, ""bidSlippage"": 0.0031887630090076113}","{""midPrice"": 15383.8, ""askAvgPrice"": 15425.779876999994, ""askSlippage"": 0.002728836633341114, ""bidAvgPrice"": 15322.621779000001, ""bidSlippage"": 0.003976795135142042}","{""midPrice"": 3930.52, ""askAvgPrice"": 3930.9663570000002, ""askSlippage"": 0.00011356181879240701, ""bidAvgPrice"": 3930.4204700000005, ""bidSlippage"": 2.5322349205603167e-05}","{""FxRate"": 3.9273, ""askSpread"": 0.001027123637584814, ""bidSpread"": 0.0008506446984112064, ""ReferencePrice"": 15436.331196, ""AskOfferPrice"": 15452.50072335481, ""BidOfferPrice"": 15422.886445964157}"
1553594866.4307652,"{""midPrice"": 15415.095000000001, ""askAvgPrice"": 15427.19, ""askSlippage"": 0.0007846205294226305, ""bidAvgPrice"": 15396.255935910001, ""bidSlippage"": 0.001222117936347411}","{""midPrice"": 15510.205, ""askAvgPrice"": 15579.2210161583, ""askSlippage"": 0.004449716567788808, ""bidAvgPrice"": 15460.7715523148, ""bidSlippage"": 0.0031871563067799036}","{""midPrice"": 15383.8, ""askAvgPrice"": 15425.76387699999, ""askSlippage"": 0.002727796578217978, ""bidAvgPrice"": 15322.621779000001, ""bidSlippage"": 0.003976795135142042}","{""midPrice"": 3930.63, ""askAvgPrice"": 3930.978448, ""askSlippage"": 8.864940225850049e-05, ""bidAvgPrice"": 3930.4326250000004, ""bidSlippage"": 5.021459664222849e-05}","{""FxRate"": 3.9272, ""askSpread"": 0.000977298804517001, ""bidSpread"": 0.000947495439662082, ""ReferencePrice"": 15436.370136000001, ""AskOfferPrice"": 15451.495392460472, ""BidOfferPrice"": 15421.705010901243}"
1553594885.533972,"{""midPrice"": 15415.095000000001, ""askAvgPrice"": 15427.19, ""askSlippage"": 0.0007846205294226305, ""bidAvgPrice"": 15396.255935910001, ""bidSlippage"": 0.001222117936347411}","{""midPrice"": 15510.17, ""askAvgPrice"": 15579.2182572299, ""askSlippage"": 0.0044518053141842095, ""bidAvgPrice"": 15460.7715523148, ""bidSlippage"": 0.003184906914959651}","{""midPrice"": 15383.8, ""askAvgPrice"": 15424.921849000006, ""askSlippage"": 0.00267306185727878, ""bidAvgPrice"": 15322.621779000001, ""bidSlippage"": 0.003976795135142042}","{""midPrice"": 3930.8050000000003, ""askAvgPrice"": 3930.997896, ""askSlippage"": 4.907289982569729e-05, ""bidAvgPrice"": 3930.7999999999956, ""bidSlippage"": 1.2720040817315592e-06}","{""FxRate"": 3.9268, ""askSpread"": 0.0008589428748418719, ""bidSpread"": 0.0010440406486798884, ""ReferencePrice"": 15435.288734000002, ""AskOfferPrice"": 15448.762924788523, ""BidOfferPrice"": 15418.957916623227}"
1553594905.1316822,"{""midPrice"": 15415.095000000001, ""askAvgPrice"": 15427.19, ""askSlippage"": 0.0007846205294226305, ""bidAvgPrice"": 15396.255935910001, ""bidSlippage"": 0.001222117936347411}","{""midPrice"": 15510.165, ""askAvgPrice"": 15579.2181038703, ""askSlippage"": 0.004452119230859308, ""bidAvgPrice"": 15460.7715523148, ""bidSlippage"": 0.003184585572442389}","{""midPrice"": 15380.404999999999, ""askAvgPrice"": 15421.503098000001, ""askSlippage"": 0.0026721076590636716, ""bidAvgPrice"": 15322.621779000001, ""bidSlippage"": 0.003756937544882488}","{""midPrice"": 3930.2200000000003, ""askAvgPrice"": 3930.7423339999996, ""askSlippage"": 0.0001329019749529703, ""bidAvgPrice"": 3930.209999999999, ""bidSlippage"": 2.5443868284513727e-06}","{""FxRate"": 3.9273, ""askSpread"": 0.0010658039499059405, ""bidSpread"": 0.0008050887736569028, ""ReferencePrice"": 15435.153006, ""AskOfferPrice"": 15451.643167898514, ""BidOfferPrice"": 15422.687096213444}"
1553594924.773752,"{""midPrice"": 15403.000005, ""askAvgPrice"": 15407.838007999999, ""askSlippage"": 0.00031409485155031724, ""bidAvgPrice"": 15396.255935910001, ""bidSlippage"": 0.00043784127038948295}","{""midPrice"": 15510.145, ""askAvgPrice"": 15579.2166477263, ""askSlippage"": 0.004453320567041841, ""bidAvgPrice"": 15460.7715523148, ""bidSlippage"": 0.00318330020030122}","{""midPrice"": 15383.8, ""askAvgPrice"": 15423.441292999996, ""askSlippage"": 0.002576820616492448, ""bidAvgPrice"": 15322.621779000001, ""bidSlippage"": 0.003976795135142042}","{""midPrice"": 3931.0550000000003, ""askAvgPrice"": 3931.0784679999997, ""askSlippage"": 5.969898665636464e-06, ""bidAvgPrice"": 3931.050000000003, ""bidSlippage"": 1.27192318533087e-06}","{""FxRate"": 3.9257, ""askSpread"": 0.000811939797331273, ""bidSpread"": 0.0008025438463706618, ""ReferencePrice"": 15432.1426135, ""AskOfferPrice"": 15444.692228683152, ""BidOfferPrice"": 15419.738029661952}"
1553594944.3459158,"{""midPrice"": 15403.000005, ""askAvgPrice"": 15407.838007999999, ""askSlippage"": 0.00031409485155031724, ""bidAvgPrice"": 15396.277601060003, ""bidSlippage"": 0.00043643471647181187}","{""midPrice"": 15510.11, ""askAvgPrice"": 15579.308648526801, ""askSlippage"": 0.004461518875546355, ""bidAvgPrice"": 15460.7715523148, ""bidSlippage"": 0.0031810507910775554}","{""midPrice"": 15383.8, ""askAvgPrice"": 15426.393968999997, ""askSlippage"": 0.002768754729000511, ""bidAvgPrice"": 15322.621779000001, ""bidSlippage"": 0.003976795135142042}","{""midPrice"": 3931.065, ""askAvgPrice"": 3931.0785000000005, ""askSlippage"": 3.4341838663909385e-06, ""bidAvgPrice"": 3931.053385000001, ""bidSlippage"": 2.9546700446303475e-06}","{""FxRate"": 3.9257, ""askSpread"": 0.0008068810869318093, ""bidSpread"": 0.0008045789118203743, ""ReferencePrice"": 15432.1818705, ""AskOfferPrice"": 15444.653450519263, ""BidOfferPrice"": 15419.745849696295}"
1553594963.281759,"{""midPrice"": 15403.000005, ""askAvgPrice"": 15407.838007999999, ""askSlippage"": 0.00031409485155031724, ""bidAvgPrice"": 15395.787501060002, ""bidSlippage"": 0.0004682531933816181}","{""midPrice"": 15510.105, ""askAvgPrice"": 15580.193755003202, ""askSlippage"": 0.004518909124290316, ""bidAvgPrice"": 15460.7715523148, ""bidSlippage"": 0.00318072944607406}","{""midPrice"": 15380.055, ""askAvgPrice"": 15424.937930999999, ""askSlippage"": 0.002918255558904015, ""bidAvgPrice"": 15322.621779000001, ""bidSlippage"": 0.003734266294886379}","{""midPrice"": 3931.0550000000003, ""askAvgPrice"": 3931.0728789999994, ""askSlippage"": 4.548142928273435e-06, ""bidAvgPrice"": 3931.05, ""bidSlippage"": 1.2719231859970037e-06}","{""FxRate"": 3.9254, ""askSpread"": 0.0008090942507799952, ""bidSpread"": 0.000802543846371994, ""ReferencePrice"": 15430.963297, ""AskOfferPrice"": 15443.46804356769, ""BidOfferPrice"": 15418.559661113928}"
1553594983.6277099,"{""midPrice"": 15403.000005, ""askAvgPrice"": 15407.838007999999, ""askSlippage"": 0.00031409485155031724, ""bidAvgPrice"": 15395.787501060002, ""bidSlippage"": 0.0004682531933816181}","{""midPrice"": 15510.07, ""askAvgPrice"": 15579.421544634199, ""askSlippage"": 0.004471388242232255, ""bidAvgPrice"": 15460.7715523148, ""bidSlippage"": 0.0031784800252481205}","{""midPrice"": 15380.055, ""askAvgPrice"": 15421.345680000002, ""askSlippage"": 0.0026846900092361015, ""bidAvgPrice"": 15322.621779000001, ""bidSlippage"": 0.003734266294886379}","{""midPrice"": 3930.6549999999997, ""askAvgPrice"": 3930.800779, ""askSlippage"": 3.708771184451898e-05, ""bidAvgPrice"": 3930.3237299999964, ""bidSlippage"": 8.427857443693565e-05}","{""FxRate"": 3.9259, ""askSpread"": 0.0009100407573439988, ""bidSpread"": 0.0009321815101080759, ""ReferencePrice"": 15431.064021999999, ""AskOfferPrice"": 15445.814224280426, ""BidOfferPrice"": 15415.973466174648}"
1553595003.6990662,"{""midPrice"": 15403.000005, ""askAvgPrice"": 15408.04986127152, ""askSlippage"": 0.0003278488781328637, ""bidAvgPrice"": 15395.787501060002, ""bidSlippage"": 0.0004682531933816181}","{""midPrice"": 15510.05, ""askAvgPrice"": 15579.420367818202, ""askSlippage"": 0.004472607620104485, ""bidAvgPrice"": 15460.7715523148, ""bidSlippage"": 0.0031771946373608806}","{""midPrice"": 15380.055, ""askAvgPrice"": 15421.711949999999, ""askSlippage"": 0.0027085046184813777, ""bidAvgPrice"": 15322.621779000001, ""bidSlippage"": 0.003734266294886379}","{""midPrice"": 3930.365, ""askAvgPrice"": 3930.7233969999997, ""askSlippage"": 9.11866964010688e-05, ""bidAvgPrice"": 3930.320047000001, ""bidSlippage"": 1.1437360143085051e-05}","{""FxRate"": 3.9261, ""askSpread"": 0.0009823733928021375, ""bidSpread"": 0.0008228747202861701, ""ReferencePrice"": 15431.0060265, ""AskOfferPrice"": 15446.263285167006, ""BidOfferPrice"": 15418.21016999942}"
1553595081.662434,"{""midPrice"": 15403.000005, ""askAvgPrice"": 15409.741260205905, ""askSlippage"": 0.00043765858623112663, ""bidAvgPrice"": 15395.440271060002, ""bidSlippage"": 0.0004907962044760072}","{""midPrice"": 15509.95, ""askAvgPrice"": 15579.228943276768, ""askSlippage"": 0.004466741883550007, ""bidAvgPrice"": 15460.7715523148, ""bidSlippage"": 0.0031707676482001235}","{""midPrice"": 15383.8, ""askAvgPrice"": 15423.797305000002, ""askSlippage"": 0.002599962623019092, ""bidAvgPrice"": 15322.621779000001, ""bidSlippage"": 0.003976795135142042}","{""midPrice"": 3930.885, ""askAvgPrice"": 3930.9967119999965, ""askSlippage"": 2.8419045583039093e-05, ""bidAvgPrice"": 3930.7423939999994, ""bidSlippage"": 3.627834444430711e-05}","{""FxRate"": 3.926, ""askSpread"": 0.0008848207630443909, ""bidSpread"": 0.000855967823589409, ""ReferencePrice"": 15432.43858, ""AskOfferPrice"": 15446.525764198685, ""BidOfferPrice"": 15418.797418794264}"
1553595101.202222,"{""midPrice"": 15403.000005, ""askAvgPrice"": 15409.741260205905, ""askSlippage"": 0.00043765858623112663, ""bidAvgPrice"": 15395.440271060002, ""bidSlippage"": 0.0004907962044760072}","{""midPrice"": 15510.355, ""askAvgPrice"": 15580.630462247269, ""askSlippage"": 0.004530873874084129, ""bidAvgPrice"": 15460.7715523148, ""bidSlippage"": 0.003196796442454075}","{""midPrice"": 15383.8, ""askAvgPrice"": 15426.704750999997, ""askSlippage"": 0.0027889566297012447, ""bidAvgPrice"": 15322.621779000001, ""bidSlippage"": 0.003976795135142042}","{""midPrice"": 3930.745, ""askAvgPrice"": 3930.9263649999957, ""askSlippage"": 4.614010829895321e-05, ""bidAvgPrice"": 3930.7145819999996, ""bidSlippage"": 7.738482145303038e-06}","{""FxRate"": 3.926, ""askSpread"": 0.0008922802165979065, ""bidSpread"": 0.0008154769642906061, ""ReferencePrice"": 15432.104870000001, ""AskOfferPrice"": 15445.894279391425, ""BidOfferPrice"": 15419.50072997581}"
1553595120.7238688,"{""midPrice"": 15403.000005, ""askAvgPrice"": 15410.741516292406, ""askSlippage"": 0.0005025976296755275, ""bidAvgPrice"": 15393.69706797908, ""bidSlippage"": 0.0006039691630137511}","{""midPrice"": 15510.380000000001, ""askAvgPrice"": 15580.93602252167, ""askSlippage"": 0.004548955120485143, ""bidAvgPrice"": 15460.7716292966, ""bidSlippage"": 0.003198398150361381}","{""midPrice"": 15383.8, ""askAvgPrice"": 15423.936440999998, ""askSlippage"": 0.0026090069423678752, ""bidAvgPrice"": 15322.621779000001, ""bidSlippage"": 0.003976795135142042}","{""midPrice"": 3930.835, ""askAvgPrice"": 3930.994172000006, ""askSlippage"": 4.0493177659639557e-05, ""bidAvgPrice"": 3930.715655999999, ""bidSlippage"": 3.036097928332815e-05}","{""FxRate"": 3.926, ""askSpread"": 0.0008809863553192792, ""bidSpread"": 0.0008607219585666563, ""ReferencePrice"": 15432.45821, ""AskOfferPrice"": 15446.112936993331, ""BidOfferPrice"": 15419.116315031906}"
1553595140.131635,"{""midPrice"": 15403.000005, ""askAvgPrice"": 15446.762815133765, ""askSlippage"": 0.0028411874387819225, ""bidAvgPrice"": 15389.222786191882, ""bidSlippage"": 0.0008944503540638804}","{""midPrice"": 15510.380000000001, ""askAvgPrice"": 15580.93602252167, ""askSlippage"": 0.004548955120485143, ""bidAvgPrice"": 15460.7716292966, ""bidSlippage"": 0.003198398150361381}","{""midPrice"": 15383.8, ""askAvgPrice"": 15426.666073999997, ""askSlippage"": 0.0027864424914518793, ""bidAvgPrice"": 15322.621779000001, ""bidSlippage"": 0.003976795135142042}","{""midPrice"": 3930.88, ""askAvgPrice"": 3930.899999999998, ""askSlippage"": 5.087919243917938e-06, ""bidAvgPrice"": 3930.7751379999995, ""bidSlippage"": 2.6676469391251345e-05}","{""FxRate"": 3.9259, ""askSpread"": 0.0008101758384878359, ""bidSpread"": 0.0008533529387825027, ""ReferencePrice"": 15432.241792, ""AskOfferPrice"": 15444.823203046966, ""BidOfferPrice"": 15418.99419211836}"
1553595159.767648,"{""midPrice"": 15440.994965, ""askAvgPrice"": 15541.606045788418, ""askSlippage"": 0.006515841823436341, ""bidAvgPrice"": 15389.222786191882, ""bidSlippage"": 0.0033529043254965085}","{""midPrice"": 15510.380000000001, ""askAvgPrice"": 15580.93602252167, ""askSlippage"": 0.004548955120485143, ""bidAvgPrice"": 15460.7716292966, ""bidSlippage"": 0.003198398150361381}","{""midPrice"": 15383.8, ""askAvgPrice"": 15423.708470999998, ""askSlippage"": 0.0025941881069695416, ""bidAvgPrice"": 15322.621779000001, ""bidSlippage"": 0.003976795135142042}","{""midPrice"": 3930.795, ""askAvgPrice"": 3930.800000000003, ""askSlippage"": 1.2720073172545199e-06, ""bidAvgPrice"": 3930.726544, ""bidSlippage"": 1.7415306572843292e-05}","{""FxRate"": 3.9292, ""askSpread"": 0.0008025440146345091, ""bidSpread"": 0.0008348306131456866, ""ReferencePrice"": 15444.879713999999, ""AskOfferPrice"": 15457.294571538, ""BidOfferPrice"": 15431.966225999482}"
1553595179.017024,"{""midPrice"": 15440.994965, ""askAvgPrice"": 15546.72253342557, ""askSlippage"": 0.006847199203498411, ""bidAvgPrice"": 15389.374786222283, ""bidSlippage"": 0.0033430603982920193}","{""midPrice"": 15510.380000000001, ""askAvgPrice"": 15581.144975658468, ""askSlippage"": 0.004562426946242981, ""bidAvgPrice"": 15460.7716292966, ""bidSlippage"": 0.003198398150361381}","{""midPrice"": 15383.8, ""askAvgPrice"": 15425.924659000004, ""askSlippage"": 0.0027382479621422817, ""bidAvgPrice"": 15322.621779000001, ""bidSlippage"": 0.003976795135142042}","{""midPrice"": 3930.77, ""askAvgPrice"": 3930.799984999998, ""askSlippage"": 7.628276393223388e-06, ""bidAvgPrice"": 3930.7292119999997, ""bidSlippage"": 1.0376592881389257e-05}","{""FxRate"": 3.9288, ""askSpread"": 0.0008152565527864468, ""bidSpread"": 0.0008207531857627786, ""ReferencePrice"": 15443.209175999998, ""AskOfferPrice"": 15455.877993536382, ""BidOfferPrice"": 15430.455601361897}"
1553595217.824267,"{""midPrice"": 15440.994965, ""askAvgPrice"": 15542.010426270177, ""askSlippage"": 0.0065420305815233615, ""bidAvgPrice"": 15388.800777672282, ""bidSlippage"": 0.0033802347223106377}","{""midPrice"": 15505.375, ""askAvgPrice"": 15575.966332668668, ""askSlippage"": 0.004552700767873619, ""bidAvgPrice"": 15460.7700384909, ""bidSlippage"": 0.0028767418723570914}","{""midPrice"": 15383.8, ""askAvgPrice"": 15437.156105999995, ""askSlippage"": 0.003468330711527523, ""bidAvgPrice"": 15322.621779000001, ""bidSlippage"": 0.003976795135142042}","{""midPrice"": 3930.41, ""askAvgPrice"": 3930.4978169999995, ""askSlippage"": 2.2342961675692052e-05, ""bidAvgPrice"": 3929.923927, ""bidSlippage"": 0.00012366979526312605}","{""FxRate"": 3.9293, ""askSpread"": 0.0008446859233513841, ""bidSpread"": 0.001047339590526252, ""ReferencePrice"": 15443.760013, ""AskOfferPrice"": 15457.001770637817, ""BidOfferPrice"": 15427.388892477371}"
1553595237.517004,"{""midPrice"": 15440.994965, ""askAvgPrice"": 15543.010046168598, ""askSlippage"": 0.006606768631155946, ""bidAvgPrice"": 15389.364277672285, ""bidSlippage"": 0.003343740960005892}","{""midPrice"": 15505.375, ""askAvgPrice"": 15575.966332668668, ""askSlippage"": 0.004552700767873619, ""bidAvgPrice"": 15460.7700384909, ""bidSlippage"": 0.0028767418723570914}","{""midPrice"": 15383.8, ""askAvgPrice"": 15436.938937999996, ""askSlippage"": 0.003454214043344006, ""bidAvgPrice"": 15322.621779000001, ""bidSlippage"": 0.003976795135142042}","{""midPrice"": 3930.185, ""askAvgPrice"": 3930.4552320000003, ""askSlippage"": 6.875808645157022e-05, ""bidAvgPrice"": 3929.9278529999997, ""bidSlippage"": 6.542872663761745e-05}","{""FxRate"": 3.9294, ""askSpread"": 0.0009375161729031405, ""bidSpread"": 0.0009308574532752349, ""ReferencePrice"": 15443.268939, ""AskOfferPrice"": 15458.632197264913, ""BidOfferPrice"": 15428.010164990234}"
1553595277.1414201,"{""midPrice"": 15440.494965, ""askAvgPrice"": 15549.418381711934, ""askSlippage"": 0.007054399289584845, ""bidAvgPrice"": 15384.894370693673, ""bidSlippage"": 0.003600959323671993}","{""midPrice"": 15505.375, ""askAvgPrice"": 15575.966332668668, ""askSlippage"": 0.004552700767873619, ""bidAvgPrice"": 15460.7700384909, ""bidSlippage"": 0.0028767418723570914}","{""midPrice"": 15383.8, ""askAvgPrice"": 15437.09810599999, ""askSlippage"": 0.003464560511706516, ""bidAvgPrice"": 15321.747939000008, ""bidSlippage"": 0.004033597745679907}","{""midPrice"": 3930.2, ""askAvgPrice"": 3930.2985479999916, ""askSlippage"": 2.5074550911385884e-05, ""bidAvgPrice"": 3930.0531470000005, ""bidSlippage"": 3.736527403164214e-05}","{""FxRate"": 3.9294, ""askSpread"": 0.0008501491018227718, ""bidSpread"": 0.0008747305480632843, ""ReferencePrice"": 15443.327879999999, ""AskOfferPrice"": 15456.771630572406, ""BidOfferPrice"": 15429.505052312903}"
1553595297.329831,"{""midPrice"": 15440.494965, ""askAvgPrice"": 15549.414660120292, ""askSlippage"": 0.00705415826158351, ""bidAvgPrice"": 15384.864380826271, ""bidSlippage"": 0.0036029016103324984}","{""midPrice"": 15505.99, ""askAvgPrice"": 15575.966332668668, ""askSlippage"": 0.004512858106362039, ""bidAvgPrice"": 15460.840000986203, ""bidSlippage"": 0.0029117779009142364}","{""midPrice"": 15383.8, ""askAvgPrice"": 15437.008901999998, ""askSlippage"": 0.003458761944382882, ""bidAvgPrice"": 15321.747939000008, ""bidSlippage"": 0.004033597745679907}","{""midPrice"": 3930.2299999999996, ""askAvgPrice"": 3930.24, ""askSlippage"": 2.544380354407849e-06, ""bidAvgPrice"": 3930.0562540000005, ""bidSlippage"": 4.420759090406623e-05}","{""FxRate"": 3.9295, ""askSpread"": 0.0008458003613137415, ""bidSpread"": 0.0009179445815620018, ""ReferencePrice"": 15443.32795, ""AskOfferPrice"": 15456.743876481522, ""BidOfferPrice"": 15428.798500422703}"
1553595336.685312,"{""midPrice"": 15440.494965, ""askAvgPrice"": 15547.646954642927, ""askSlippage"": 0.00693967323494582, ""bidAvgPrice"": 15384.864380826271, ""bidSlippage"": 0.0036029016103324984}","{""midPrice"": 15505.99, ""askAvgPrice"": 15575.966332668668, ""askSlippage"": 0.004512858106362039, ""bidAvgPrice"": 15460.7390734914, ""bidSlippage"": 0.0029182868368030634}","{""midPrice"": 15383.8, ""askAvgPrice"": 15437.044396999998, ""askSlippage"": 0.0034610692416696676, ""bidAvgPrice"": 15321.747939000008, ""bidSlippage"": 0.004033597745679907}","{""midPrice"": 3930.17, ""askAvgPrice"": 3930.1997460000002, ""askSlippage"": 7.568629346810241e-06, ""bidAvgPrice"": 3930.1500109999997, ""bidSlippage"": 5.086039535306952e-06}","{""FxRate"": 3.9295, ""askSpread"": 0.0008151372586936205, ""bidSpread"": 0.0008101720790706139, ""ReferencePrice"": 15443.603015, ""AskOfferPrice"": 15456.230998256817, ""BidOfferPrice"": 15431.051775872707}"
1553595355.7641542,"{""midPrice"": 15444.494965, ""askAvgPrice"": 15547.642351718428, ""askSlippage"": 0.006678585926712444, ""bidAvgPrice"": 15384.977080826273, ""bidSlippage"": 0.003853663347918146}","{""midPrice"": 15505.99, ""askAvgPrice"": 15575.966332668668, ""askSlippage"": 0.004512858106362039, ""bidAvgPrice"": 15461.0179202658, ""bidSlippage"": 0.002900303671948712}","{""midPrice"": 15386.795, ""askAvgPrice"": 15437.02610599999, ""askSlippage"": 0.0032645593835487485, ""bidAvgPrice"": 15321.809289000004, ""bidSlippage"": 0.004223472854483101}","{""midPrice"": 3930.1949999999997, ""askAvgPrice"": 3930.1999999999994, ""askSlippage"": 1.272201506363757e-06, ""bidAvgPrice"": 3930.156735, ""bidSlippage"": 9.736158129491912e-06}","{""FxRate"": 3.93, ""askSpread"": 0.0008025444030127276, ""bidSpread"": 0.0008194723162589839, ""ReferencePrice"": 15445.66635, ""AskOfferPrice"": 15458.08184884999, ""BidOfferPrice"": 15432.989420122634}"
1553595375.6020749,"{""midPrice"": 15444.494965, ""askAvgPrice"": 15549.398248793928, ""askSlippage"": 0.006792276732366931, ""bidAvgPrice"": 15384.977080826273, ""bidSlippage"": 0.003853663347918146}","{""midPrice"": 15505.99, ""askAvgPrice"": 15575.966332668668, ""askSlippage"": 0.004512858106362039, ""bidAvgPrice"": 15461.0179202658, ""bidSlippage"": 0.002900303671948712}","{""midPrice"": 15386.795, ""askAvgPrice"": 15437.010105999994, ""askSlippage"": 0.003263519530870118, ""bidAvgPrice"": 15321.809289000004, ""bidSlippage"": 0.004223472854483101}","{""midPrice"": 3930.295, ""askAvgPrice"": 3930.2999999999956, ""askSlippage"": 1.2721691362571619e-06, ""bidAvgPrice"": 3930.2668760000006, ""bidSlippage"": 7.155696964078473e-06}","{""FxRate"": 3.9299, ""askSpread"": 0.0008025443382765112, ""bidSpread"": 0.0008025443382749569, ""ReferencePrice"": 15445.6663205, ""AskOfferPrice"": 15458.08181782602, ""BidOfferPrice"": 15433.250854713193}"
1553595413.916736,"{""midPrice"": 15444.494965, ""askAvgPrice"": 15547.633145869431, ""askSlippage"": 0.006677989866496814, ""bidAvgPrice"": 15384.977080826273, ""bidSlippage"": 0.003853663347918146}","{""midPrice"": 15505.99, ""askAvgPrice"": 15575.966332668668, ""askSlippage"": 0.004512858106362039, ""bidAvgPrice"": 15461.0179202658, ""bidSlippage"": 0.002900303671948712}","{""midPrice"": 15383.8, ""askAvgPrice"": 15436.846345999998, ""askSlippage"": 0.003448195244347918, ""bidAvgPrice"": 15320.66214700001, ""bidSlippage"": 0.004104177966431477}","{""midPrice"": 3930.29, ""askAvgPrice"": 3930.2999999999993, ""askSlippage"": 2.544341511478976e-06, ""bidAvgPrice"": 3930.1850959999997, ""bidSlippage"": 2.6691160194380892e-05}","{""FxRate"": 3.9297, ""askSpread"": 0.000805088683022958, ""bidSpread"": 0.0008533823203887618, ""ReferencePrice"": 15444.860612999999, ""AskOfferPrice"": 15457.334424127963, ""BidOfferPrice"": 15431.640978547362}"
1553595433.817796,"{""midPrice"": 15444.494965, ""askAvgPrice"": 15547.62816484336, ""askSlippage"": 0.006677667355072359, ""bidAvgPrice"": 15384.851990383275, ""bidSlippage"": 0.003861762702625504}","{""midPrice"": 15505.99, ""askAvgPrice"": 15575.966332668668, ""askSlippage"": 0.004512858106362039, ""bidAvgPrice"": 15461.0179202658, ""bidSlippage"": 0.002900303671948712}","{""midPrice"": 15383.8, ""askAvgPrice"": 15436.958105999991, ""askSlippage"": 0.003455460029381019, ""bidAvgPrice"": 15320.66214700001, ""bidSlippage"": 0.004104177966431477}","{""midPrice"": 3930.385, ""askAvgPrice"": 3930.4000000000015, ""askSlippage"": 3.8164200202306375e-06, ""bidAvgPrice"": 3930.3247229999997, ""bidSlippage"": 1.533615663618093e-05}","{""FxRate"": 3.9296, ""askSpread"": 0.0008076328400404613, ""bidSpread"": 0.0008306723132723619, ""ReferencePrice"": 15444.840896000002, ""AskOfferPrice"": 15457.37364832192, ""BidOfferPrice"": 15431.952399247946}"
1553595453.411253,"{""midPrice"": 15444.494965, ""askAvgPrice"": 15547.623561918857, ""askSlippage"": 0.006677369324964433, ""bidAvgPrice"": 15384.977080826273, ""bidSlippage"": 0.003853663347918146}","{""midPrice"": 15505.99, ""askAvgPrice"": 15575.966332668668, ""askSlippage"": 0.004512858106362039, ""bidAvgPrice"": 15461.0179202658, ""bidSlippage"": 0.002900303671948712}","{""midPrice"": 15383.8, ""askAvgPrice"": 15436.449417999997, ""askSlippage"": 0.0034223935568582498, ""bidAvgPrice"": 15320.66214700001, ""bidSlippage"": 0.004104177966431477}","{""midPrice"": 3930.75, ""askAvgPrice"": 3931.0, ""askSlippage"": 6.360109393876989e-05, ""bidAvgPrice"": 3930.411556, ""bidSlippage"": 8.610163454814135e-05}","{""FxRate"": 3.9292, ""askSpread"": 0.0009271955733632702, ""bidSpread"": 0.0009335195573362036, ""ReferencePrice"": 15444.702899999998, ""AskOfferPrice"": 15459.967042513632, ""BidOfferPrice"": 15429.342840102014}"
1553595472.621954,"{""midPrice"": 15444.494965, ""askAvgPrice"": 15549.381455391434, ""askSlippage"": 0.006791189393316355, ""bidAvgPrice"": 15384.977080826273, ""bidSlippage"": 0.003853663347918146}","{""midPrice"": 15505.99, ""askAvgPrice"": 15575.966332668668, ""askSlippage"": 0.004512858106362039, ""bidAvgPrice"": 15461.0179202658, ""bidSlippage"": 0.002900303671948712}","{""midPrice"": 15383.8, ""askAvgPrice"": 15436.92010599999, ""askSlippage"": 0.0034529898984640983, ""bidAvgPrice"": 15320.66214700001, ""bidSlippage"": 0.004104177966431477}","{""midPrice"": 3930.995, ""askAvgPrice"": 3931.0, ""askSlippage"": 1.2719425999119238e-06, ""bidAvgPrice"": 3930.9847139999993, ""bidSlippage"": 2.6166403164218366e-06}","{""FxRate"": 3.929, ""askSpread"": 0.0008025438851998239, ""bidSpread"": 0.0008052332806328437, ""ReferencePrice"": 15444.879355, ""AskOfferPrice"": 15457.294209249976, ""BidOfferPrice"": 15432.4229949468}"
1553595492.128733,"{""midPrice"": 15444.494965, ""askAvgPrice"": 15549.377356069857, ""askSlippage"": 0.0067909239704853075, ""bidAvgPrice"": 15384.851990383275, ""bidSlippage"": 0.003861762702625504}","{""midPrice"": 15505.99, ""askAvgPrice"": 15575.966332668668, ""askSlippage"": 0.004512858106362039, ""bidAvgPrice"": 15461.0179202658, ""bidSlippage"": 0.002900303671948712}","{""midPrice"": 15383.8, ""askAvgPrice"": 15436.903423, ""askSlippage"": 0.0034519054459887233, ""bidAvgPrice"": 15320.66214700001, ""bidSlippage"": 0.004104177966431477}","{""midPrice"": 3930.995, ""askAvgPrice"": 3931.0, ""askSlippage"": 1.2719425999119238e-06, ""bidAvgPrice"": 3930.9899999999993, ""bidSlippage"": 1.2719425999119238e-06}","{""FxRate"": 3.929, ""askSpread"": 0.0008025438851998239, ""bidSpread"": 0.0008025438851998239, ""ReferencePrice"": 15444.879355, ""AskOfferPrice"": 15457.294209249976, ""BidOfferPrice"": 15432.464532281969}"
1553595511.543963,"{""midPrice"": 15444.494965, ""askAvgPrice"": 15549.373631246926, ""askSlippage"": 0.0067906827956887295, ""bidAvgPrice"": 15384.977080826273, ""bidSlippage"": 0.003853663347918146}","{""midPrice"": 15505.99, ""askAvgPrice"": 15575.966332668668, ""askSlippage"": 0.004512858106362039, ""bidAvgPrice"": 15461.0179202658, ""bidSlippage"": 0.002900303671948712}","{""midPrice"": 15383.8, ""askAvgPrice"": 15436.883378999999, ""askSlippage"": 0.00345060251693341, ""bidAvgPrice"": 15320.66214700001, ""bidSlippage"": 0.004104177966431477}","{""midPrice"": 3930.995, ""askAvgPrice"": 3931.000000000001, ""askSlippage"": 1.2719426001339684e-06, ""bidAvgPrice"": 3930.99, ""bidSlippage"": 1.2719425998009015e-06}","{""FxRate"": 3.929, ""askSpread"": 0.0015361550757214452, ""bidSpread"": 0.0008025438851996018, ""ReferencePrice"": 15444.879355, ""AskOfferPrice"": 15468.624759992854, ""BidOfferPrice"": 15432.464532281972}"
1553595529.810074,"{""midPrice"": 15444.494965, ""askAvgPrice"": 15549.36952832243, ""askSlippage"": 0.006790417139575844, ""bidAvgPrice"": 15387.089961286174, ""bidSlippage"": 0.0037168585857884073}","{""midPrice"": 15505.99, ""askAvgPrice"": 15575.966332668668, ""askSlippage"": 0.004512858106362039, ""bidAvgPrice"": 15461.0179202658, ""bidSlippage"": 0.002900303671948712}","{""midPrice"": 15383.8, ""askAvgPrice"": 15436.346409999995, ""askSlippage"": 0.0034156976819768037, ""bidAvgPrice"": 15320.66214700001, ""bidSlippage"": 0.004104177966431477}","{""midPrice"": 3932.1800000000003, ""askAvgPrice"": 3932.399835, ""askSlippage"": 5.590664720322991e-05, ""bidAvgPrice"": 3931.1925459999998, ""bidSlippage"": 0.0002511212609800362}","{""FxRate"": 3.9278, ""askSpread"": 0.0009118132944064599, ""bidSpread"": 0.0013022425219600723, ""ReferencePrice"": 15444.816604000001, ""AskOfferPrice"": 15459.331845065424, ""BidOfferPrice"": 15424.272211718697}"
1553595626.729312,"{""midPrice"": 15478.989969999999, ""askAvgPrice"": 15577.145555955765, ""askSlippage"": 0.0063412138741612, ""bidAvgPrice"": 15478.9899300303, ""bidSlippage"": 2.5821903504308352e-09}","{""midPrice"": 15505.99, ""askAvgPrice"": 15575.966332668668, ""askSlippage"": 0.004512858106362039, ""bidAvgPrice"": 15461.0179202658, ""bidSlippage"": 0.002900303671948712}","{""midPrice"": 15389.8, ""askAvgPrice"": 15438.767608999995, ""askSlippage"": 0.003181822310881044, ""bidAvgPrice"": 15324.895633000007, ""bidSlippage"": 0.004217362603802011}","{""midPrice"": 3933.2349999999997, ""askAvgPrice"": 3933.578686000001, ""askSlippage"": 8.73799811100806e-05, ""bidAvgPrice"": 3932.736858000001, ""bidSlippage"": 0.00012664943742202173}","{""FxRate"": 3.9302, ""askSpread"": 0.0009747599622201613, ""bidSpread"": 0.0010532988748440434, ""ReferencePrice"": 15458.400196999999, ""AskOfferPrice"": 15474.07820139726, ""BidOfferPrice"": 15441.509342115274}"
1553595646.687875,"{""midPrice"": 15478.989969999999, ""askAvgPrice"": 15577.226719215316, ""askSlippage"": 0.006346457320904664, ""bidAvgPrice"": 15478.9899300303, ""bidSlippage"": 2.5821903504308352e-09}","{""midPrice"": 15505.99, ""askAvgPrice"": 15575.966332668668, ""askSlippage"": 0.004512858106362039, ""bidAvgPrice"": 15461.0179202658, ""bidSlippage"": 0.002900303671948712}","{""midPrice"": 15389.8, ""askAvgPrice"": 15438.074368999998, ""askSlippage"": 0.0031367768911876315, ""bidAvgPrice"": 15336.357144999994, ""bidSlippage"": 0.0034726153036429563}","{""midPrice"": 3933.0550000000003, ""askAvgPrice"": 3933.2614500000004, ""askSlippage"": 5.2491002541232845e-05, ""bidAvgPrice"": 3932.639131, ""bidSlippage"": 0.00010573688900872291}","{""FxRate"": 3.9303, ""askSpread"": 0.0009292379587876092, ""bidSpread"": 0.0010114737780174458, ""ReferencePrice"": 15458.0860665, ""AskOfferPrice"": 15472.509316125956, ""BidOfferPrice"": 15442.391722916329}"
1553595665.661726,"{""midPrice"": 15478.989969999999, ""askAvgPrice"": 15576.284584753019, ""askSlippage"": 0.006285591950223379, ""bidAvgPrice"": 15478.9899300303, ""bidSlippage"": 2.5821903504308352e-09}","{""midPrice"": 15505.99, ""askAvgPrice"": 15575.966332668668, ""askSlippage"": 0.004512858106362039, ""bidAvgPrice"": 15461.0179202658, ""bidSlippage"": 0.002900303671948712}","{""midPrice"": 15389.8, ""askAvgPrice"": 15438.731809000004, ""askSlippage"": 0.003179496094816381, ""bidAvgPrice"": 15335.719234245495, ""bidSlippage"": 0.003514065533957833}","{""midPrice"": 3933.085, ""askAvgPrice"": 3933.098732000006, ""askSlippage"": 3.491406874278624e-06, ""bidAvgPrice"": 3933.0700980000006, ""bidSlippage"": 3.7888832810084594e-06}","{""FxRate"": 3.9303, ""askSpread"": 0.0008069828137485573, ""bidSpread"": 0.000807577766562017, ""ReferencePrice"": 15458.2039755, ""AskOfferPrice"": 15470.698147798068, ""BidOfferPrice"": 15445.70063802852}"
1553595685.6057532,"{""midPrice"": 15478.989965, ""askAvgPrice"": 15578.709684642898, ""askSlippage"": 0.006442262697267553, ""bidAvgPrice"": 15478.98993, ""bidSlippage"": 2.261129505853887e-09}","{""midPrice"": 15505.99, ""askAvgPrice"": 15575.966332668668, ""askSlippage"": 0.004512858106362039, ""bidAvgPrice"": 15461.0179202658, ""bidSlippage"": 0.002900303671948712}","{""midPrice"": 15389.8, ""askAvgPrice"": 15437.918016999996, ""askSlippage"": 0.0031266174349242615, ""bidAvgPrice"": 15335.719234245495, ""bidSlippage"": 0.003514065533957833}","{""midPrice"": 3932.96, ""askAvgPrice"": 3933.0948190000054, ""askSlippage"": 3.4279270576087484e-05, ""bidAvgPrice"": 3932.6449929999994, ""bidSlippage"": 8.009412757836731e-05}","{""FxRate"": 3.9304, ""askSpread"": 0.0008670197510270754, ""bidSpread"": 0.0009530963955904685, ""ReferencePrice"": 15458.105984, ""AskOfferPrice"": 15471.980524129729, ""BidOfferPrice"": 15442.901720430003}"
1553595723.808347,"{""midPrice"": 15478.989965, ""askAvgPrice"": 15577.456043559308, ""askSlippage"": 0.006361272846739485, ""bidAvgPrice"": 15478.98993, ""bidSlippage"": 2.261129505853887e-09}","{""midPrice"": 15505.99, ""askAvgPrice"": 15575.966332668668, ""askSlippage"": 0.004512858106362039, ""bidAvgPrice"": 15461.0179202658, ""bidSlippage"": 0.002900303671948712}","{""midPrice"": 15389.8, ""askAvgPrice"": 15437.893073, ""askSlippage"": 0.0031249966211386315, ""bidAvgPrice"": 15335.719234245495, ""bidSlippage"": 0.003514065533957833}","{""midPrice"": 3933.0950000000003, ""askAvgPrice"": 3933.099999999995, ""askSlippage"": 1.2712634691602887e-06, ""bidAvgPrice"": 3933.0899999999983, ""bidSlippage"": 1.27126347115869e-06}","{""FxRate"": 3.9303, ""askSpread"": 0.0008025425269383206, ""bidSpread"": 0.0008025425269423174, ""ReferencePrice"": 15458.2432785, ""AskOfferPrice"": 15470.668843393916, ""BidOfferPrice"": 15445.817745148346}"
1553595743.677824,"{""midPrice"": 15478.989965, ""askAvgPrice"": 15577.96243490554, ""askSlippage"": 0.006393987600568751, ""bidAvgPrice"": 15478.98993, ""bidSlippage"": 2.261129505853887e-09}","{""midPrice"": 15505.99, ""askAvgPrice"": 15575.966332668668, ""askSlippage"": 0.004512858106362039, ""bidAvgPrice"": 15461.0179202658, ""bidSlippage"": 0.002900303671948712}","{""midPrice"": 15389.8, ""askAvgPrice"": 15438.659900999995, ""askSlippage"": 0.003174823649430003, ""bidAvgPrice"": 15335.719234245495, ""bidSlippage"": 0.003514065533957833}","{""midPrice"": 3933.0950000000003, ""askAvgPrice"": 3933.0999999999985, ""askSlippage"": 1.2712634702705117e-06, ""bidAvgPrice"": 3933.09, ""bidSlippage"": 1.2712634706035786e-06}","{""FxRate"": 3.9303, ""askSpread"": 0.0008025425269405411, ""bidSpread"": 0.0008025425269412072, ""ReferencePrice"": 15458.2432785, ""AskOfferPrice"": 15470.66884339395, ""BidOfferPrice"": 15445.817745148364}"
1553595763.146979,"{""midPrice"": 15478.989965, ""askAvgPrice"": 15577.769212413561, ""askSlippage"": 0.006381504712963393, ""bidAvgPrice"": 15478.98993, ""bidSlippage"": 2.261129505853887e-09}","{""midPrice"": 15505.99, ""askAvgPrice"": 15575.966332668668, ""askSlippage"": 0.004512858106362039, ""bidAvgPrice"": 15460.971046120601, ""bidSlippage"": 0.002903326642116899}","{""midPrice"": 15389.8, ""askAvgPrice"": 15437.804600999989, ""askSlippage"": 0.003119247878464293, ""bidAvgPrice"": 15335.719234245495, ""bidSlippage"": 0.003514065533957833}","{""midPrice"": 3933.0950000000003, ""askAvgPrice"": 3933.0999999999995, ""askSlippage"": 1.2712634704925563e-06, ""bidAvgPrice"": 3933.09, ""bidSlippage"": 1.2712634706035786e-06}","{""FxRate"": 3.9303, ""askSpread"": 0.0008025425269409852, ""bidSpread"": 0.0008025425269412072, ""ReferencePrice"": 15458.2432785, ""AskOfferPrice"": 15470.668843393958, ""BidOfferPrice"": 15445.817745148364}"
1553595782.955982,"{""midPrice"": 15478.989965, ""askAvgPrice"": 15578.574664024938, ""askSlippage"": 0.006433539865980276, ""bidAvgPrice"": 15478.98993, ""bidSlippage"": 2.261129505853887e-09}","{""midPrice"": 15506.005000000001, ""askAvgPrice"": 15576.624974625069, ""askSlippage"": 0.004554362946810997, ""bidAvgPrice"": 15460.971046120601, ""bidSlippage"": 0.00290429120069291}","{""midPrice"": 15389.8, ""askAvgPrice"": 15437.600920999997, ""askSlippage"": 0.0031060131385722833, ""bidAvgPrice"": 15335.719234245495, ""bidSlippage"": 0.003514065533957833}","{""midPrice"": 3932.795, ""askAvgPrice"": 3932.8399559999993, ""askSlippage"": 1.1431056029964637e-05, ""bidAvgPrice"": 3932.648947000002, ""bidSlippage"": 3.713720140463561e-05}","{""FxRate"": 3.9306, ""askSpread"": 0.0008228621120599293, ""bidSpread"": 0.0008742744028092713, ""ReferencePrice"": 15458.244027, ""AskOfferPrice"": 15470.983699500504, ""BidOfferPrice"": 15444.709644116929}"
1553595822.456403,"{""midPrice"": 15478.989965, ""askAvgPrice"": 15578.405447090005, ""askSlippage"": 0.006422607826143345, ""bidAvgPrice"": 15478.98993, ""bidSlippage"": 2.261129505853887e-09}","{""midPrice"": 15505.99, ""askAvgPrice"": 15575.966332668668, ""askSlippage"": 0.004512858106362039, ""bidAvgPrice"": 15460.971046120601, ""bidSlippage"": 0.002903326642116899}","{""midPrice"": 15392.59, ""askAvgPrice"": 15438.587934999996, ""askSlippage"": 0.002988316780996314, ""bidAvgPrice"": 15335.1371042455, ""bidSlippage"": 0.0037325034808632918}","{""midPrice"": 3932.6899999999996, ""askAvgPrice"": 3932.7, ""askSlippage"": 2.542788778203686e-06, ""bidAvgPrice"": 3932.670001, ""bidSlippage"": 5.085323277365106e-06}","{""FxRate"": 3.934, ""askSpread"": 0.0008025427920111732, ""bidSpread"": 0.0008076273589164622, ""ReferencePrice"": 15471.18279, ""AskOfferPrice"": 15483.618762018017, ""BidOfferPrice"": 15458.668185390028}"
1553595861.850579,"{""midPrice"": 15514.494965, ""askAvgPrice"": 15582.14308988861, ""askSlippage"": 0.004360317563750549, ""bidAvgPrice"": 15478.989930000002, ""bidSlippage"": 0.002288507301081766}","{""midPrice"": 15505.99, ""askAvgPrice"": 15576.809788720966, ""askSlippage"": 0.004567253604637056, ""bidAvgPrice"": 15460.971046120601, ""bidSlippage"": 0.002903326642116899}","{""midPrice"": 15392.59, ""askAvgPrice"": 15438.550608999998, ""askSlippage"": 0.002985891847960387, ""bidAvgPrice"": 15335.1371042455, ""bidSlippage"": 0.0037325034808632918}","{""midPrice"": 3932.565, ""askAvgPrice"": 3932.59, ""askSlippage"": 6.35717400720992e-06, ""bidAvgPrice"": 3932.4711480000014, ""bidSlippage"": 2.3865339796924623e-05}","{""FxRate"": 3.9341, ""askSpread"": 0.0008127143480144199, ""bidSpread"": 0.0008477306795938493, ""ReferencePrice"": 15471.1039665, ""AskOfferPrice"": 15483.775987105684, ""BidOfferPrice"": 15457.890367896844}"
1553595920.647177,"{""midPrice"": 15514.494965, ""askAvgPrice"": 15581.408198703077, ""askSlippage"": 0.004312949525848486, ""bidAvgPrice"": 15478.989930000002, ""bidSlippage"": 0.002288507301081766}","{""midPrice"": 15505.99, ""askAvgPrice"": 15577.064194333769, ""askSlippage"": 0.004583660529496658, ""bidAvgPrice"": 15460.971046120601, ""bidSlippage"": 0.002903326642116899}","{""midPrice"": 15389.8, ""askAvgPrice"": 15439.008812999997, ""askSlippage"": 0.0031974952890874153, ""bidAvgPrice"": 15335.105809245506, ""bidSlippage"": 0.003553924726409252}","{""midPrice"": 3932.16, ""askAvgPrice"": 3932.3603990000006, ""askSlippage"": 5.096410115568162e-05, ""bidAvgPrice"": 3931.610383, ""bidSlippage"": 0.00013977483113603029}","{""FxRate"": 3.9342, ""askSpread"": 0.0009019282023113633, ""bidSpread"": 0.0010795496622720605, ""ReferencePrice"": 15469.903872, ""AskOfferPrice"": 15483.97474704018, ""BidOfferPrice"": 15453.08544391453}"
1553595959.217123,"{""midPrice"": 15514.49496, ""askAvgPrice"": 15579.221676346087, ""askSlippage"": 0.004172015686812136, ""bidAvgPrice"": 15478.98993, ""bidSlippage"": 0.0022885069795400836}","{""midPrice"": 15505.99, ""askAvgPrice"": 15577.064194333769, ""askSlippage"": 0.004583660529496658, ""bidAvgPrice"": 15460.971046120601, ""bidSlippage"": 0.002903326642116899}","{""midPrice"": 15389.8, ""askAvgPrice"": 15439.117608999994, ""askSlippage"": 0.0032045646467135924, ""bidAvgPrice"": 15335.105809245506, ""bidSlippage"": 0.003553924726409252}","{""midPrice"": 3931.87, ""askAvgPrice"": 3932.0917550000004, ""askSlippage"": 5.639937230905723e-05, ""bidAvgPrice"": 3931.235002, ""bidSlippage"": 0.00016150025306027604}","{""FxRate"": 3.9345, ""askSpread"": 0.0009108073257762854, ""bidSpread"": 0.0011598643902265052, ""ReferencePrice"": 15469.942514999999, ""AskOfferPrice"": 15484.268936986284, ""BidOfferPrice"": 15451.763683367186}"
1553595997.815373,"{""midPrice"": 15514.49496, ""askAvgPrice"": 15579.001610040325, ""askSlippage"": 0.0041578311254499845, ""bidAvgPrice"": 15478.98993, ""bidSlippage"": 0.0022885069795400836}","{""midPrice"": 15506.005000000001, ""askAvgPrice"": 15577.36018202667, ""askSlippage"": 0.004601777313155031, ""bidAvgPrice"": 15460.971046120601, ""bidSlippage"": 0.00290429120069291}","{""midPrice"": 15389.8, ""askAvgPrice"": 15439.08260899999, ""askSlippage"": 0.0032022904131301377, ""bidAvgPrice"": 15335.105809245506, ""bidSlippage"": 0.003553924726409252}","{""midPrice"": 3927.995, ""askAvgPrice"": 3928.0, ""askSlippage"": 1.2729140439482478e-06, ""bidAvgPrice"": 3927.99, ""bidSlippage"": 1.2729140439482478e-06}","{""FxRate"": 3.9384, ""askSpread"": 0.0008025458280878965, ""bidSpread"": 0.0008025458280878965, ""ReferencePrice"": 15470.015508, ""AskOfferPrice"": 15482.450612210132, ""BidOfferPrice"": 15457.58043539733}"
1553596017.702019,"{""midPrice"": 15514.49496, ""askAvgPrice"": 15581.3760222228, ""askSlippage"": 0.004310875887048482, ""bidAvgPrice"": 15478.98993, ""bidSlippage"": 0.0022885069795400836}","{""midPrice"": 15506.005000000001, ""askAvgPrice"": 15577.36018202667, ""askSlippage"": 0.004601777313155031, ""bidAvgPrice"": 15460.971046120601, ""bidSlippage"": 0.00290429120069291}","{""midPrice"": 15383.17, ""askAvgPrice"": 15435.410845999999, ""askSlippage"": 0.003395974041761063, ""bidAvgPrice"": 15331.15069300001, ""bidSlippage"": 0.0033815726537501645}","{""midPrice"": 3927.93, ""askAvgPrice"": 3927.958932000001, ""askSlippage"": 7.365711711004863e-06, ""bidAvgPrice"": 3927.91, ""bidSlippage"": 5.091740433282865e-06}","{""FxRate"": 3.9379, ""askSpread"": 0.0009992319138910403, ""bidSpread"": 0.0008093993169452134, ""ReferencePrice"": 15467.854615499999, ""AskOfferPrice"": 15483.33029864561, ""BidOfferPrice"": 15455.315270976273}"
1553596037.248443,"{""midPrice"": 15514.49496, ""askAvgPrice"": 15578.81872771384, ""askSlippage"": 0.00414604328917445, ""bidAvgPrice"": 15455.334645868998, ""bidSlippage"": 0.0038132284862337773}","{""midPrice"": 15506.005000000001, ""askAvgPrice"": 15577.36018202667, ""askSlippage"": 0.004601777313155031, ""bidAvgPrice"": 15460.971046120601, ""bidSlippage"": 0.00290429120069291}","{""midPrice"": 15386.865, ""askAvgPrice"": 15435.546906, ""askSlippage"": 0.003163861254388056, ""bidAvgPrice"": 15334.687372000008, ""bidSlippage"": 0.0033910499637185287}","{""midPrice"": 3927.585, ""askAvgPrice"": 3927.59, ""askSlippage"": 1.2730469232113961e-06, ""bidAvgPrice"": 3927.0327359999997, ""bidSlippage"": 0.00014061159720291094}","{""FxRate"": 3.9383, ""askSpread"": 0.0008076383982277051, ""bidSpread"": 0.0010580464796526626, ""ReferencePrice"": 15467.7717075, ""AskOfferPrice"": 15480.32319607683, ""BidOfferPrice"": 15451.347074100377}"
1553596056.439465,"{""midPrice"": 15514.49496, ""askAvgPrice"": 15579.43302703436, ""askSlippage"": 0.0041856384756182585, ""bidAvgPrice"": 15453.753294812897, ""bidSlippage"": 0.003915155816783478}","{""midPrice"": 15506.005000000001, ""askAvgPrice"": 15577.36018202667, ""askSlippage"": 0.004601777313155031, ""bidAvgPrice"": 15460.971046120601, ""bidSlippage"": 0.00290429120069291}","{""midPrice"": 15383.17, ""askAvgPrice"": 15435.290558, ""askSlippage"": 0.003388154587123493, ""bidAvgPrice"": 15331.211796000003, ""bidSlippage"": 0.0033776005855747915}","{""midPrice"": 3927.535, ""askAvgPrice"": 3927.54, ""askSlippage"": 1.273063130025065e-06, ""bidAvgPrice"": 3927.5160659999997, ""bidSlippage"": 4.820835460495054e-06}","{""FxRate"": 3.9383, ""askSpread"": 0.0008025461262600502, ""bidSpread"": 0.0008092597519816274, ""ReferencePrice"": 15467.8110905, ""AskOfferPrice"": 15480.244429675739, ""BidOfferPrice"": 15455.273937968741}"
1553596075.308901,"{""midPrice"": 15514.49496, ""askAvgPrice"": 15578.578472201125, ""askSlippage"": 0.004130557415265246, ""bidAvgPrice"": 15453.753294812897, ""bidSlippage"": 0.003915155816783478}","{""midPrice"": 15506.005000000001, ""askAvgPrice"": 15577.36018202667, ""askSlippage"": 0.004601777313155031, ""bidAvgPrice"": 15460.971046120601, ""bidSlippage"": 0.00290429120069291}","{""midPrice"": 15390.015, ""askAvgPrice"": 15439.776569999995, ""askSlippage"": 0.0032333672189399643, ""bidAvgPrice"": 15334.289680000002, ""bidSlippage"": 0.0036208749634095705}","{""midPrice"": 3928.935, ""askAvgPrice"": 3929.8529999999996, ""askSlippage"": 0.0002336511039249256, ""bidAvgPrice"": 3927.9581080000003, ""bidSlippage"": 0.00024864040764216444}","{""FxRate"": 3.9386, ""askSpread"": 0.0008025459058656807, ""bidSpread"": 0.0008094799350791597, ""ReferencePrice"": 15470.328475, ""AskOfferPrice"": 15482.763832584544, ""BidOfferPrice"": 15457.785877451492}"
1553596095.099935,"{""midPrice"": 15514.49496, ""askAvgPrice"": 15578.788950058575, ""askSlippage"": 0.00414412394501662, ""bidAvgPrice"": 15456.627515205495, ""bidSlippage"": 0.0037298954908748794}","{""midPrice"": 15506.005000000001, ""askAvgPrice"": 15577.36018202667, ""askSlippage"": 0.004601777313155031, ""bidAvgPrice"": 15460.971046120601, ""bidSlippage"": 0.00290429120069291}","{""midPrice"": 15390.015, ""askAvgPrice"": 15437.806974, ""askSlippage"": 0.0031053883963076956, ""bidAvgPrice"": 15334.289680000002, ""bidSlippage"": 0.0036208749634095705}","{""midPrice"": 3928.825, ""askAvgPrice"": 3928.83, ""askSlippage"": 1.2726451292799368e-06, ""bidAvgPrice"": 3928.8193070000007, ""bidSlippage"": 1.449033743994299e-06}","{""FxRate"": 3.9376, ""askSpread"": 0.0008025452902585599, ""bidSpread"": 0.0008028980674879886, ""ReferencePrice"": 15470.14132, ""AskOfferPrice"": 15482.57651285651, ""BidOfferPrice"": 15457.700701237865}"
1553596114.385515,"{""midPrice"": 15514.49496, ""askAvgPrice"": 15580.354381802492, ""askSlippage"": 0.004245025182727069, ""bidAvgPrice"": 15439.065352519994, ""bidSlippage"": 0.0048618796599232406}","{""midPrice"": 15506.005000000001, ""askAvgPrice"": 15577.36018202667, ""askSlippage"": 0.004601777313155031, ""bidAvgPrice"": 15460.971046120601, ""bidSlippage"": 0.00290429120069291}","{""midPrice"": 15390.015, ""askAvgPrice"": 15438.147964, ""askSlippage"": 0.0031275449699041946, ""bidAvgPrice"": 15334.289680000002, ""bidSlippage"": 0.0036208749634095705}","{""midPrice"": 3928.825, ""askAvgPrice"": 3928.83, ""askSlippage"": 1.2726451292799368e-06, ""bidAvgPrice"": 3928.815507, ""bidSlippage"": 2.4162440424024823e-06}","{""FxRate"": 3.9376, ""askSpread"": 0.0008025452902585599, ""bidSpread"": 0.000804832488084805, ""ReferencePrice"": 15470.14132, ""AskOfferPrice"": 15482.57651285651, ""BidOfferPrice"": 15457.670775515944}"
1553596133.046762,"{""midPrice"": 15514.494965, ""askAvgPrice"": 15581.170671873302, ""askSlippage"": 0.004297639531529729, ""bidAvgPrice"": 15439.065352519994, ""bidSlippage"": 0.004861879980635586}","{""midPrice"": 15506.005000000001, ""askAvgPrice"": 15577.36018202667, ""askSlippage"": 0.004601777313155031, ""bidAvgPrice"": 15460.971046120601, ""bidSlippage"": 0.00290429120069291}","{""midPrice"": 15390.015, ""askAvgPrice"": 15438.132963999993, ""askSlippage"": 0.003126570311984267, ""bidAvgPrice"": 15334.289680000002, ""bidSlippage"": 0.0036208749634095705}","{""midPrice"": 3928.795, ""askAvgPrice"": 3928.7999999999997, ""askSlippage"": 1.2726548470620713e-06, ""bidAvgPrice"": 3928.7862800000003, ""bidSlippage"": 2.2195100533028977e-06}","{""FxRate"": 3.9376, ""askSpread"": 0.0008025453096941242, ""bidSpread"": 0.0008044390201066058, ""ReferencePrice"": 15470.023192, ""AskOfferPrice"": 15482.45829035411, ""BidOfferPrice"": 15457.558829540196}"
1553596152.740444,"{""midPrice"": 15514.494965, ""askAvgPrice"": 15580.22325665162, ""askSlippage"": 0.004236573075688144, ""bidAvgPrice"": 15439.065352519994, ""bidSlippage"": 0.004861879980635586}","{""midPrice"": 15506.005000000001, ""askAvgPrice"": 15577.36018202667, ""askSlippage"": 0.004601777313155031, ""bidAvgPrice"": 15460.971046120601, ""bidSlippage"": 0.00290429120069291}","{""midPrice"": 15390.015, ""askAvgPrice"": 15437.601295999997, ""askSlippage"": 0.003092024016870587, ""bidAvgPrice"": 15334.289680000002, ""bidSlippage"": 0.0036208749634095705}","{""midPrice"": 3928.815, ""askAvgPrice"": 3928.8199999999997, ""askSlippage"": 1.2726483684666334e-06, ""bidAvgPrice"": 3928.8100000000004, ""bidSlippage"": 1.2726483684666334e-06}","{""FxRate"": 3.9376, ""askSpread"": 0.0008025452967369333, ""bidSpread"": 0.0008025452967369333, ""ReferencePrice"": 15470.101944000002, ""AskOfferPrice"": 15482.53710535571, ""BidOfferPrice"": 15457.666814245315}"
1553596173.337077,"{""midPrice"": 15514.494965, ""askAvgPrice"": 15582.004466991106, ""askSlippage"": 0.004351382506707635, ""bidAvgPrice"": 15431.184404319194, ""bidSlippage"": 0.005369853215895892}","{""midPrice"": 15506.005000000001, ""askAvgPrice"": 15577.36018202667, ""askSlippage"": 0.004601777313155031, ""bidAvgPrice"": 15460.971046120601, ""bidSlippage"": 0.00290429120069291}","{""midPrice"": 15390.015, ""askAvgPrice"": 15437.585040999995, ""askSlippage"": 0.0030909678125716766, ""bidAvgPrice"": 15334.289680000002, ""bidSlippage"": 0.0036208749634095705}","{""midPrice"": 3928.8100000000004, ""askAvgPrice"": 3928.8200000000006, ""askSlippage"": 2.545299976342008e-06, ""bidAvgPrice"": 3928.7999999999993, ""bidSlippage"": 2.5452999765640527e-06}","{""FxRate"": 3.9376, ""askSpread"": 0.0008025452967369333, ""bidSpread"": 0.0008025452967371553, ""ReferencePrice"": 15470.101944000002, ""AskOfferPrice"": 15482.53710535571, ""BidOfferPrice"": 15457.66681424531}"
1553596212.311339,"{""midPrice"": 15514.49497, ""askAvgPrice"": 15582.662247418833, ""askSlippage"": 0.004393779981278545, ""bidAvgPrice"": 15432.909224319192, ""bidSlippage"": 0.005258678792868787}","{""midPrice"": 15506.005000000001, ""askAvgPrice"": 15577.36018202667, ""askSlippage"": 0.004601777313155031, ""bidAvgPrice"": 15460.971046120601, ""bidSlippage"": 0.00290429120069291}","{""midPrice"": 15392.560000000001, ""askAvgPrice"": 15438.054963999992, ""askSlippage"": 0.0029556463642168573, ""bidAvgPrice"": 15334.837978000003, ""bidSlippage"": 0.0037499949326166293}","{""midPrice"": 3930.355, ""askAvgPrice"": 3931.0036289999994, ""askSlippage"": 0.0001650306397258383, ""bidAvgPrice"": 3929.9150710000004, ""bidSlippage"": 0.00011193111054841332}","{""FxRate"": 3.9363, ""askSpread"": 0.000989435037591945, ""bidSpread"": 0.000997959978119, ""ReferencePrice"": 15471.036705, ""AskOfferPrice"": 15486.817114149371, ""BidOfferPrice"": 15455.125344940783}"
1553596231.8605309,"{""midPrice"": 15514.494999999999, ""askAvgPrice"": 15579.582012705261, ""askSlippage"": 0.004195238885007946, ""bidAvgPrice"": 15432.909224319192, ""bidSlippage"": 0.0052586807163756966}","{""midPrice"": 15506.005000000001, ""askAvgPrice"": 15577.36018202667, ""askSlippage"": 0.004601777313155031, ""bidAvgPrice"": 15460.8871125418, ""bidSlippage"": 0.0029097041732025763}","{""midPrice"": 15390.015, ""askAvgPrice"": 15437.464393999995, ""askSlippage"": 0.003083128508971189, ""bidAvgPrice"": 15335.877282000001, ""bidSlippage"": 0.0035177170392620694}","{""midPrice"": 3930.01, ""askAvgPrice"": 3930.13, ""askSlippage"": 3.0534273449678295e-05, ""bidAvgPrice"": 3929.405366, ""bidSlippage"": 0.00015385049910821014}","{""FxRate"": 3.9364, ""askSpread"": 0.0008610685468993566, ""bidSpread"": 0.0011077009982164202, ""ReferencePrice"": 15470.091364, ""AskOfferPrice"": 15483.884947832426, ""BidOfferPrice"": 15452.483283596102}"
1553596350.5256739,"{""midPrice"": 15514.49, ""askAvgPrice"": 15578.013630378146, ""askSlippage"": 0.004094471064027605, ""bidAvgPrice"": 15434.109224319194, ""bidSlippage"": 0.005181013083949582}","{""midPrice"": 15506.005000000001, ""askAvgPrice"": 15577.36018202667, ""askSlippage"": 0.004601777313155031, ""bidAvgPrice"": 15460.905859982899, ""bidSlippage"": 0.002908495129280708}","{""midPrice"": 15383.295, ""askAvgPrice"": 15436.659584999998, ""askSlippage"": 0.003468995751560122, ""bidAvgPrice"": 15334.497628000005, ""bidSlippage"": 0.0031721014256045343}","{""midPrice"": 3928.77, ""askAvgPrice"": 3928.9231, ""askSlippage"": 3.896893938826196e-05, ""bidAvgPrice"": 3928.7000000000007, ""bidSlippage"": 1.7817281235399385e-05}","{""FxRate"": 3.9371, ""askSpread"": 0.0008305439106895733, ""bidSpread"": 0.0008335932111079629, ""ReferencePrice"": 15467.960367, ""AskOfferPrice"": 15481.043609489665, ""BidOfferPrice"": 15454.830351164772}"
1553596389.228653,"{""midPrice"": 15514.489965, ""askAvgPrice"": 15579.066106992846, ""askSlippage"": 0.0041623116285824935, ""bidAvgPrice"": 15428.884430372293, ""bidSlippage"": 0.0055177794965113325}","{""midPrice"": 15506.005000000001, ""askAvgPrice"": 15577.36018202667, ""askSlippage"": 0.004601777313155031, ""bidAvgPrice"": 15460.905859982899, ""bidSlippage"": 0.002908495129280708}","{""midPrice"": 15383.295, ""askAvgPrice"": 15436.624585000001, ""askSlippage"": 0.0034667205562919357, ""bidAvgPrice"": 15334.497628000005, ""bidSlippage"": 0.0031721014256045343}","{""midPrice"": 3926.49, ""askAvgPrice"": 3926.5200000000004, ""askSlippage"": 7.64041166556595e-06, ""bidAvgPrice"": 3926.3360000000002, ""bidSlippage"": 3.9220779882165324e-05}","{""FxRate"": 3.9394, ""askSpread"": 0.0008152808233311319, ""bidSpread"": 0.0008784415597643307, ""ReferencePrice"": 15468.014706, ""AskOfferPrice"": 15480.743760116322, ""BidOfferPrice"": 15454.308880851184}"
1553596408.9674098,"{""midPrice"": 15514.489935, ""askAvgPrice"": 15578.327262311921, ""askSlippage"": 0.004114690691049194, ""bidAvgPrice"": 15421.431523734793, ""bidSlippage"": 0.005998161180618022}","{""midPrice"": 15506.005000000001, ""askAvgPrice"": 15577.36018202667, ""askSlippage"": 0.004601777313155031, ""bidAvgPrice"": 15460.905859982899, ""bidSlippage"": 0.002908495129280708}","{""midPrice"": 15383.295, ""askAvgPrice"": 15436.604584999997, ""askSlippage"": 0.003465420444709544, ""bidAvgPrice"": 15334.497628000005, ""bidSlippage"": 0.0031721014256045343}","{""midPrice"": 3926.365, ""askAvgPrice"": 3926.4964340000006, ""askSlippage"": 3.3474727897386813e-05, ""bidAvgPrice"": 3926.1662110000016, ""bidSlippage"": 5.0629271603153114e-05}","{""FxRate"": 3.9395, ""askSpread"": 0.0008669494557947737, ""bidSpread"": 0.0009012585432063063, ""ReferencePrice"": 15467.914917499998, ""AskOfferPrice"": 15481.817682338426, ""BidOfferPrice"": 15453.482333348516}"
